"","year","month","day","dep_time","sched_dep_time","dep_delay","arr_time","sched_arr_time","arr_delay","carrier","flight","tailnum","origin","dest","air_time","distance","hour","minute","time_hour","orig.id"
"1",2023,4,26,655,700,-5,959,1001,-2,"UA",805,"N47288","EWR","MIA",159,1085,7,0,2023-04-26 07:00:00,"26019"
"2",2023,1,21,954,1005,-11,1253,1309,-16,"UA",471,"N817UA","EWR","SRQ",162,1034,10,5,2023-01-21 10:00:00,"4398"
"3",2023,10,11,2023,2030,-7,2325,2342,-17,"UA",377,"N29124","EWR","LAX",332,2454,20,30,2023-10-11 20:00:00,"62848"
"4",2023,8,21,756,800,-4,1037,1101,-24,"UA",385,"N217UA","EWR","SFO",295,2565,8,0,2023-08-21 08:00:00,"51726"
"5",2023,7,23,633,613,20,911,854,17,"UA",665,"N410UA","EWR","DFW",191,1372,6,13,2023-07-23 06:00:00,"45484"
"6",2023,10,27,1622,1627,-5,1728,1745,-17,"UA",698,"N77571","EWR","IAD",42,212,16,27,2023-10-27 16:00:00,"66362"
"7",2023,7,28,650,625,25,921,913,8,"UA",230,"N834UA","EWR","AUS",190,1504,6,25,2023-07-28 06:00:00,"46627"
"8",2023,10,10,1752,1645,67,1952,1911,41,"UA",909,"N17105","EWR","PHX",278,2133,16,45,2023-10-10 16:00:00,"62584"
"9",2023,6,17,1740,1717,23,1942,1938,4,"UA",719,"N62896","EWR","DEN",205,1605,17,17,2023-06-17 17:00:00,"37728"
"10",2023,6,6,1620,1529,51,1755,1711,44,"UA",802,"N13720","EWR","CLE",67,404,15,29,2023-06-06 15:00:00,"35302"
"11",2023,3,1,2125,2128,-3,2323,2334,-11,"UA",869,"N27268","EWR","MSP",151,1008,21,28,2023-03-01 21:00:00,"13281"
"12",2023,10,22,1130,1133,-3,1423,1435,-12,"UA",139,"N17302","EWR","FLL",148,1065,11,33,2023-10-22 11:00:00,"65161"
"13",2023,1,6,1708,1709,-1,1843,1850,-7,"UA",851,"N77520","EWR","ORD",115,719,17,9,2023-01-06 17:00:00,"1224"
"14",2023,3,10,2001,1903,58,2312,2213,59,"UA",615,"N47275","EWR","RSW",169,1068,19,3,2023-03-10 19:00:00,"15366"
"15",2023,12,22,823,757,26,1104,1112,-8,"UA",265,"N817UA","EWR","DFW",188,1372,7,57,2023-12-22 07:00:00,"77808"
"16",2023,10,7,1200,1200,0,1439,1525,-46,"UA",825,"N21108","EWR","SFO",317,2565,12,0,2023-10-07 12:00:00,"61859"
"17",2023,5,25,828,830,-2,1138,1148,-10,"UA",354,"N21723","EWR","SNA",342,2434,8,30,2023-05-25 08:00:00,"32589"
"18",2023,12,3,1639,1629,10,1935,1927,8,"UA",554,"N69806","EWR","MCO",150,937,16,29,2023-12-03 16:00:00,"73953"
"19",2023,7,5,808,805,3,1107,1057,10,"UA",240,"N651UA","EWR","IAH",179,1400,8,5,2023-07-05 08:00:00,"41547"
"20",2023,12,2,1916,1839,37,2220,2200,20,"UA",172,"N27722","EWR","SNA",334,2434,18,39,2023-12-02 18:00:00,"73786"
"21",2023,12,1,2051,2030,21,2357,2343,14,"UA",907,"N12114","EWR","FLL",161,1065,20,30,2023-12-01 20:00:00,"73617"
"22",2023,5,15,850,800,50,1107,1031,36,"UA",220,"N214UA","EWR","LAS",282,2227,8,0,2023-05-15 08:00:00,"30364"
"23",2023,9,6,1420,1426,-6,1718,1739,-21,"UA",243,"N27273","EWR","SEA",317,2402,14,26,2023-09-06 14:00:00,"55150"
"24",2023,3,1,640,615,25,949,928,21,"UA",312,"N782UA","EWR","SFO",344,2565,6,15,2023-03-01 06:00:00,"13082"
"25",2023,2,7,1942,1952,-10,2224,2301,-37,"UA",245,"N14107","EWR","TPA",141,997,19,52,2023-02-07 19:00:00,"8322"
"26",2023,1,31,2156,2159,-3,2324,2330,-6,"UA",574,"N492UA","EWR","PIT",70,319,21,59,2023-01-31 21:00:00,"6769"
"27",2023,12,30,1419,1415,4,1639,1723,-44,"UA",571,"N69830","EWR","IAH",179,1400,14,15,2023-12-30 14:00:00,"79372"
"28",2023,6,21,1214,1215,-1,1425,1429,-4,"UA",749,"N26215","LGA","DEN",226,1620,12,15,2023-06-21 12:00:00,"38545"
"29",2023,1,16,926,930,-4,1134,1210,-36,"UA",949,"N37290","LGA","DEN",222,1620,9,30,2023-01-16 09:00:00,"3280"
"30",2023,11,30,620,610,10,924,945,-21,"UA",240,"N39450","EWR","SFO",345,2565,6,10,2023-11-30 06:00:00,"73214"
"31",2023,3,3,1518,1503,15,1848,1801,47,"UA",76,"N16217","EWR","PBI",162,1023,15,3,2023-03-03 15:00:00,"13664"
"32",2023,3,24,1024,1029,-5,1323,1332,-9,"UA",878,"N890UA","EWR","MTJ",268,1795,10,29,2023-03-24 10:00:00,"18537"
"33",2023,1,8,633,635,-2,911,955,-44,"UA",906,"N68843","EWR","SEA",312,2402,6,35,2023-01-08 06:00:00,"1487"
"34",2023,9,29,1541,1340,121,1749,1607,102,"UA",898,"N444UA","EWR","ATL",102,746,13,40,2023-09-29 13:00:00,"60108"
"35",2023,8,26,1945,1933,12,2241,2237,4,"UA",502,"N17310","EWR","SMF",326,2500,19,33,2023-08-26 19:00:00,"52920"
"36",2023,5,11,2051,2027,24,2202,2150,12,"UA",882,"N407UA","EWR","IAD",39,212,20,27,2023-05-11 20:00:00,"29628"
"37",2023,3,31,614,615,-1,916,925,-9,"UA",896,"N14118","EWR","LAX",343,2454,6,15,2023-03-31 06:00:00,"20085"
"38",2023,2,8,2110,2105,5,2318,2313,5,"UA",421,"N852UA","EWR","MEM",159,946,21,5,2023-02-08 21:00:00,"8574"
"39",2023,3,11,2001,2003,-2,2257,2313,-16,"UA",534,"N47280","EWR","MIA",141,1085,20,3,2023-03-11 20:00:00,"15571"
"40",2023,5,23,1500,1505,-5,1618,1643,-25,"UA",606,"N837UA","LGA","ORD",111,733,15,5,2023-05-23 15:00:00,"32214"
"41",2023,1,29,1240,1233,7,1518,1459,19,"UA",757,"N37506","EWR","DEN",253,1605,12,33,2023-01-29 12:00:00,"6196"
"42",2023,1,15,1855,1859,-4,2124,2147,-23,"UA",821,"N27276","EWR","LAS",294,2227,18,59,2023-01-15 18:00:00,"3167"
"43",2023,5,11,641,645,-4,933,952,-19,"UA",730,"N27546","EWR","SEA",323,2402,6,45,2023-05-11 06:00:00,"29445"
"44",2023,8,20,611,615,-4,819,836,-17,"UA",342,"N17311","EWR","JAX",105,820,6,15,2023-08-20 06:00:00,"51490"
"45",2023,4,4,1037,1041,-4,1233,1250,-17,"UA",339,"N21723","EWR","CHS",87,628,10,41,2023-04-04 10:00:00,"21047"
"46",2023,10,25,558,610,-12,755,811,-16,"UA",558,"N62849","EWR","MSP",155,1008,6,10,2023-10-25 06:00:00,"65759"
"47",2023,12,15,640,645,-5,936,953,-17,"UA",862,"N17529","EWR","MIA",150,1085,6,45,2023-12-15 06:00:00,"76357"
"48",2023,11,26,2142,2135,7,13,2340,33,"UA",440,"N69829","EWR","CHS",110,628,21,35,2023-11-26 21:00:00,"72552"
"49",2023,11,10,1524,1526,-2,1701,1704,-3,"UA",789,"N37255","EWR","ORD",123,719,15,26,2023-11-10 15:00:00,"69296"
"50",2023,6,11,2121,1847,154,2346,2200,106,"UA",736,"N67815","EWR","SEA",294,2402,18,47,2023-06-11 18:00:00,"36448"
"51",2023,3,30,1335,1340,-5,1607,1643,-36,"UA",798,"N37290","LGA","IAH",196,1416,13,40,2023-03-30 13:00:00,"19948"
"52",2023,1,3,1541,1108,273,1840,1420,260,"UA",176,"N17245","EWR","FLL",155,1065,11,8,2023-01-03 11:00:00,"560"
"53",2023,9,12,2048,2100,-12,2209,2236,-27,"UA",681,"N825UA","LGA","ORD",111,733,21,0,2023-09-12 21:00:00,"56505"
"54",2023,5,31,1123,1125,-2,1326,1400,-34,"UA",568,"N68880","EWR","LAS",272,2227,11,25,2023-05-31 11:00:00,"33948"
"55",2023,1,7,1144,1130,14,1310,1308,2,"UA",644,"N67134","EWR","ORD",110,719,11,30,2023-01-07 11:00:00,"1363"
"56",2023,6,18,2155,2129,26,8,2348,20,"UA",680,"N69829","EWR","SAV",99,708,21,29,2023-06-18 21:00:00,"37976"
"57",2023,10,27,1109,1115,-6,1234,1250,-16,"UA",829,"N481UA","LGA","ORD",119,733,11,15,2023-10-27 11:00:00,"66298"
"58",2023,8,22,2122,2132,-10,2313,2343,-30,"UA",620,"N38479","EWR","CHS",86,628,21,32,2023-08-22 21:00:00,"52104"
"59",2023,2,8,1700,1707,-7,1942,2007,-25,"UA",187,"N73256","EWR","MCO",126,937,17,7,2023-02-08 17:00:00,"8515"
"60",2023,1,15,1707,1704,3,1941,2004,-23,"UA",194,"N69826","EWR","MCO",126,937,17,4,2023-01-15 17:00:00,"3144"
"61",2023,3,13,1239,1248,-9,1631,1554,37,"UA",717,"N27255","EWR","MIA",190,1085,12,48,2023-03-13 12:00:00,"15955"
"62",2023,8,23,1515,1518,-3,1746,1811,-25,"UA",617,"N433UA","EWR","TPA",127,997,15,18,2023-08-23 15:00:00,"52242"
"63",2023,9,16,624,629,-5,745,807,-22,"UA",272,"N17262","EWR","CLE",59,404,6,29,2023-09-16 06:00:00,"57196"
"64",2023,11,29,619,629,-10,723,741,-18,"UA",510,"N69804","EWR","BOS",42,200,6,29,2023-11-29 06:00:00,"73005"
"65",2023,6,11,610,615,-5,758,807,-9,"UA",497,"N66828","EWR","MSP",143,1008,6,15,2023-06-11 06:00:00,"36268"
"66",2023,5,26,2219,1930,169,31,2203,148,"UA",291,"N57286","EWR","PHX",270,2133,19,30,2023-05-26 19:00:00,"32982"
"67",2023,4,28,554,600,-6,747,830,-43,"UA",371,"N47414","EWR","DEN",210,1605,6,0,2023-04-28 06:00:00,"26461"
"68",2023,11,29,1818,1829,-11,2105,2137,-32,"UA",300,"N77536","EWR","FLL",145,1065,18,29,2023-11-29 18:00:00,"73155"
"69",2023,5,23,1949,1946,3,1,2258,63,"UA",788,"N27503","EWR","FLL",150,1065,19,46,2023-05-23 19:00:00,"32282"
"70",2023,3,29,2021,2030,-9,2153,2203,-10,"UA",864,"N852UA","EWR","MSN",130,799,20,30,2023-03-29 20:00:00,"19807"
"71",2023,3,17,1225,1225,0,1507,1514,-7,"UA",288,"N27477","EWR","MCO",131,937,12,25,2023-03-17 12:00:00,"16917"
"72",2023,2,10,1601,1559,2,1924,1832,52,"UA",478,"N16703","EWR","JAX",127,820,15,59,2023-02-10 15:00:00,"8968"
"73",2023,6,23,1544,1415,89,1819,1700,79,"UA",876,"N47288","EWR","SAN",298,2425,14,15,2023-06-23 14:00:00,"39044"
"74",2023,10,8,1152,1200,-8,1501,1525,-24,"UA",825,"N29129","EWR","SFO",340,2565,12,0,2023-10-08 12:00:00,"62055"
"75",2023,8,15,1323,1300,23,1542,1555,-13,"UA",540,"N76526","EWR","SNA",301,2434,13,0,2023-08-15 13:00:00,"50540"
"76",2023,8,3,958,1000,-2,1234,1252,-18,"UA",387,"N14735","EWR","AUS",193,1504,10,0,2023-08-03 10:00:00,"47985"
"77",2023,4,23,533,523,10,832,818,14,"UA",188,"N76515","EWR","IAH",211,1400,5,23,2023-04-23 05:00:00,"25303"
"78",2023,7,6,750,759,-9,1038,1059,-21,"UA",597,"N77259","EWR","PBI",139,1023,7,59,2023-07-06 07:00:00,"41774"
"79",2023,8,16,713,705,8,1010,1007,3,"UA",714,"N443UA","EWR","MIA",156,1085,7,5,2023-08-16 07:00:00,"50684"
"80",2023,6,23,827,834,-7,1010,1033,-23,"UA",100,"N881UA","EWR","DTW",68,488,8,34,2023-06-23 08:00:00,"38954"
"81",2023,8,18,1608,1427,101,1757,1619,98,"UA",166,"N433UA","EWR","MSP",145,1008,14,27,2023-08-18 14:00:00,"51221"
"82",2023,4,30,1457,1429,28,1733,1551,102,"UA",283,"N804UA","EWR","BNA",123,748,14,29,2023-04-30 14:00:00,"27002"
"83",2023,8,14,727,729,-2,925,943,-18,"UA",207,"N445UA","LGA","DEN",216,1620,7,29,2023-08-14 07:00:00,"50258"
"84",2023,4,13,1648,1613,35,1806,1741,25,"UA",449,"N487UA","EWR","BNA",99,748,16,13,2023-04-13 16:00:00,"23177"
"85",2023,8,19,637,645,-8,829,847,-18,"UA",379,"N75429","EWR","CHS",84,628,6,45,2023-08-19 06:00:00,"51314"
"86",2023,9,4,1521,1529,-8,1816,1826,-10,"UA",828,"N649UA","EWR","IAH",189,1400,15,29,2023-09-04 15:00:00,"54730"
"87",2023,11,8,1521,1526,-5,1710,1704,6,"UA",789,"N33292","EWR","ORD",134,719,15,26,2023-11-08 15:00:00,"68873"
"88",2023,5,29,1957,1800,117,2312,2112,120,"UA",259,"N77536","EWR","AUS",198,1504,18,0,2023-05-29 18:00:00,"33600"
"89",2023,1,22,1902,1909,-7,2118,2115,3,"UA",578,"N37462","EWR","DTW",94,488,19,9,2023-01-22 19:00:00,"4702"
"90",2023,2,2,623,629,-6,846,900,-14,"UA",767,"N898UA","LGA","DEN",242,1620,6,29,2023-02-02 06:00:00,"7018"
"91",2023,11,7,1718,1729,-11,2008,2020,-12,"UA",830,"N47570","EWR","LAS",323,2227,17,29,2023-11-07 17:00:00,"68683"
"92",2023,3,29,957,1000,-3,1258,1246,12,"UA",680,"N769UA","EWR","MCO",137,937,10,0,2023-03-29 10:00:00,"19664"
"93",2023,8,30,848,700,108,1231,944,167,"UA",257,"N68834","EWR","MCO",155,937,7,0,2023-08-30 07:00:00,"53629"
"94",2023,9,3,1547,1540,7,1810,1834,-24,"UA",656,"N17314","LGA","IAH",182,1416,15,40,2023-09-03 15:00:00,"54525"
"95",2023,9,27,1911,1910,1,2209,2215,-6,"UA",814,"N63890","EWR","FLL",151,1065,19,10,2023-09-27 19:00:00,"59719"
"96",2023,9,22,1957,1944,13,2313,2250,23,"UA",504,"N69826","EWR","MIA",161,1085,19,44,2023-09-22 19:00:00,"58656"
"97",2023,7,12,1111,915,116,1316,1117,119,"UA",211,"N408UA","EWR","MCI",159,1092,9,15,2023-07-12 09:00:00,"43135"
"98",2023,12,30,1613,1619,-6,1736,1800,-24,"UA",755,"N13720","EWR","CLE",62,404,16,19,2023-12-30 16:00:00,"79390"
"99",2023,12,18,651,620,31,856,856,0,"UA",569,"N814UA","LGA","DEN",212,1620,6,20,2023-12-18 06:00:00,"76951"
"100",2023,10,24,655,705,-10,902,928,-26,"UA",367,"N66893","EWR","DEN",221,1605,7,5,2023-10-24 07:00:00,"65555"
"101",2023,6,26,653,630,23,949,924,25,"UA",929,"N41135","EWR","LAX",315,2454,6,30,2023-06-26 06:00:00,"39542"
"102",2023,1,30,NA,1859,NA,NA,2211,NA,"UA",256,NA,"EWR","DFW",NA,1372,18,59,2023-01-30 18:00:00,"6549"
"103",2023,7,25,NA,1620,NA,NA,1910,NA,"UA",485,NA,"EWR","MCO",NA,937,16,20,2023-07-25 16:00:00,"46115"
"104",2023,10,23,1726,1727,-1,2017,2016,1,"UA",775,"N76523","EWR","MCO",124,937,17,27,2023-10-23 17:00:00,"65467"
"105",2023,8,18,1704,1659,5,1955,2007,-12,"UA",598,"N473UA","EWR","RSW",150,1068,16,59,2023-08-18 16:00:00,"51237"
"106",2023,4,24,1544,1549,-5,1901,1849,12,"UA",714,"N477UA","EWR","RSW",176,1068,15,49,2023-04-24 15:00:00,"25660"
"107",2023,3,8,2011,2015,-4,3,2354,9,"UA",882,"N12114","EWR","SFO",363,2565,20,15,2023-03-08 20:00:00,"14893"
"108",2023,3,22,1009,1014,-5,1259,1319,-20,"UA",417,"N17753","EWR","SRQ",147,1034,10,14,2023-03-22 10:00:00,"18048"
"109",2023,1,22,1844,1845,-1,2123,2147,-24,"UA",983,"N17017","EWR","LAX",294,2454,18,45,2023-01-22 18:00:00,"4695"
"110",2023,3,2,849,759,50,1223,1056,87,"UA",666,"N27269","EWR","MCO",142,937,7,59,2023-03-02 07:00:00,"13346"
"111",2023,1,16,1826,1833,-7,2117,2017,60,"UA",259,"N15712","EWR","CLE",63,404,18,33,2023-01-16 18:00:00,"3388"
"112",2023,10,3,641,645,-4,826,855,-29,"UA",428,"N17289","EWR","CHS",84,628,6,45,2023-10-03 06:00:00,"60878"
"113",2023,8,31,1122,1059,23,1303,1313,-10,"UA",362,"N37466","EWR","PHX",263,2133,10,59,2023-08-31 10:00:00,"53877"
"114",2023,6,6,1226,1229,-3,1457,1517,-20,"UA",438,"N478UA","LGA","IAH",190,1416,12,29,2023-06-06 12:00:00,"35262"
"115",2023,11,15,923,925,-2,1228,1233,-5,"UA",570,"N73283","EWR","FLL",160,1065,9,25,2023-11-15 09:00:00,"70260"
"116",2023,11,1,2153,2153,0,2309,2326,-17,"UA",487,"N78285","EWR","ORD",111,719,21,53,2023-11-01 21:00:00,"67505"
"117",2023,9,26,720,729,-9,1001,1024,-23,"UA",903,"N17229","LGA","IAH",201,1416,7,29,2023-09-26 07:00:00,"59351"
"118",2023,9,24,1109,1107,2,1310,1333,-23,"UA",432,"N78438","EWR","PHX",279,2133,11,7,2023-09-24 11:00:00,"58965"
"119",2023,12,16,813,759,14,1101,1111,-10,"UA",867,"N17272","EWR","IAH",205,1400,7,59,2023-12-16 07:00:00,"76586"
"120",2023,8,9,652,700,-8,928,957,-29,"UA",648,"N47414","EWR","PBI",138,1023,7,0,2023-08-09 07:00:00,"49223"
"121",2023,12,3,2124,2045,39,2321,2225,56,"UA",708,"N37420","EWR","BNA",131,748,20,45,2023-12-03 20:00:00,"74012"
"122",2023,3,6,1010,1000,10,1301,1225,36,"UA",786,"N26970","EWR","DEN",261,1605,10,0,2023-03-06 10:00:00,"14276"
"123",2023,4,12,1943,1930,13,2223,2231,-8,"UA",461,"N69826","EWR","PBI",131,1023,19,30,2023-04-12 19:00:00,"22993"
"124",2023,7,1,1810,1753,17,2058,2049,9,"UA",525,"N64844","EWR","TPA",128,997,17,53,2023-07-01 17:00:00,"40801"
"125",2023,11,13,925,929,-4,1204,1227,-23,"UA",210,"N27503","EWR","MCO",137,937,9,29,2023-11-13 09:00:00,"69833"
"126",2023,5,27,2055,2057,-2,2352,12,-20,"UA",636,"N459UA","EWR","MIA",155,1085,20,57,2023-05-27 20:00:00,"33172"
"127",2023,8,23,1102,1107,-5,1339,1416,-37,"UA",135,"N66828","EWR","FLL",133,1065,11,7,2023-08-23 11:00:00,"52193"
"128",2023,3,25,1751,1729,22,2101,2040,21,"UA",475,"N27274","EWR","IAH",219,1400,17,29,2023-03-25 17:00:00,"18837"
"129",2023,6,16,839,845,-6,1024,1049,-25,"UA",409,"N836UA","EWR","MYR",81,550,8,45,2023-06-16 08:00:00,"37430"
"130",2023,10,11,1411,1420,-9,1635,1634,1,"UA",356,"N77538","EWR","DEN",221,1605,14,20,2023-10-11 14:00:00,"62763"
"131",2023,5,15,1247,914,213,1512,1206,186,"UA",501,"N39475","EWR","MCO",124,937,9,14,2023-05-15 09:00:00,"30414"
"132",2023,8,20,936,946,-10,1119,1200,-41,"UA",698,"N73251","LGA","DEN",206,1620,9,46,2023-08-20 09:00:00,"51539"
"133",2023,6,9,107,2229,158,220,2347,153,"UA",496,"N442UA","EWR","BUF",44,282,22,29,2023-06-09 22:00:00,"35847"
"134",2023,1,25,1554,1600,-6,1705,1718,-13,"UA",156,"N17752","EWR","BOS",45,200,16,0,2023-01-25 16:00:00,"5345"
"135",2023,11,24,2035,2043,-8,2342,2359,-17,"UA",548,"N27256","EWR","AUS",221,1504,20,43,2023-11-24 20:00:00,"72151"
"136",2023,7,17,1944,1830,74,2217,2131,46,"UA",414,"N16701","EWR","SNA",303,2434,18,30,2023-07-17 18:00:00,"44320"
"137",2023,6,4,1612,1610,2,1852,1900,-8,"UA",255,"N57111","EWR","MCO",132,937,16,10,2023-06-04 16:00:00,"34855"
"138",2023,6,2,1339,1329,10,1552,1557,-5,"UA",935,"N47275","EWR","ATL",102,746,13,29,2023-06-02 13:00:00,"34430"
"139",2023,6,29,1229,1005,144,1346,1142,124,"UA",731,"N485UA","LGA","ORD",111,733,10,5,2023-06-29 10:00:00,"40280"
"140",2023,3,10,1613,1529,44,1745,1713,32,"UA",685,"N47284","EWR","CLE",69,404,15,29,2023-03-10 15:00:00,"15310"
"141",2023,12,28,2021,2030,-9,2249,2343,-54,"UA",670,"N27270","EWR","DFW",181,1372,20,30,2023-12-28 20:00:00,"79070"
"142",2023,6,4,836,830,6,1042,1055,-13,"UA",933,"N17300","EWR","ATL",99,746,8,30,2023-06-04 08:00:00,"34771"
"143",2023,7,19,1520,1329,111,1721,1557,84,"UA",733,"N27270","EWR","ATL",98,746,13,29,2023-07-19 13:00:00,"44726"
"144",2023,4,5,1403,1404,-1,1632,1625,7,"UA",716,"N62883","EWR","DEN",234,1605,14,4,2023-04-05 14:00:00,"21317"
"145",2023,4,19,1656,1700,-4,1955,2001,-6,"UA",407,"N12005","EWR","LAX",318,2454,17,0,2023-04-19 17:00:00,"24553"
"146",2023,4,3,1358,1404,-6,1605,1625,-20,"UA",716,"N37427","EWR","DEN",226,1605,14,4,2023-04-03 14:00:00,"20849"
"147",2023,10,31,1928,1930,-2,2250,2240,10,"UA",568,"N37018","EWR","LAX",317,2454,19,30,2023-10-31 19:00:00,"67262"
"148",2023,4,16,1342,1159,103,1626,1421,125,"UA",254,"N405UA","EWR","ATL",110,746,11,59,2023-04-16 11:00:00,"23791"
"149",2023,2,17,2042,1959,43,209,57,72,"UA",580,"N75432","EWR","SJU",230,1608,19,59,2023-02-17 19:00:00,"10592"
"150",2023,2,10,2010,1957,13,2218,2215,3,"UA",630,"N62894","EWR","DEN",214,1605,19,57,2023-02-10 19:00:00,"9028"
"151",2023,4,27,815,745,30,957,921,36,"UA",771,"N73270","EWR","ORD",117,719,7,45,2023-04-27 07:00:00,"26268"
"152",2023,6,2,1158,1159,-1,1404,1428,-24,"UA",448,"N495UA","EWR","ATL",103,746,11,59,2023-06-02 11:00:00,"34411"
"153",2023,8,25,1201,1200,1,1426,1443,-17,"UA",660,"N774UA","EWR","LAX",289,2454,12,0,2023-08-25 12:00:00,"52635"
"154",2023,5,17,1255,1300,-5,1531,1610,-39,"UA",808,"N17104","EWR","LAX",314,2454,13,0,2023-05-17 13:00:00,"30873"
"155",2023,6,4,1714,1700,14,1859,1934,-35,"UA",885,"N57286","EWR","LAS",265,2227,17,0,2023-06-04 17:00:00,"34869"
"156",2023,12,30,723,730,-7,1050,1029,21,"UA",379,"N39423","EWR","MCO",173,937,7,30,2023-12-30 07:00:00,"79301"
"157",2023,1,30,955,950,5,1246,1251,-5,"UA",840,"N24729","EWR","JAC",274,1874,9,50,2023-01-30 09:00:00,"6382"
"158",2023,8,2,558,600,-2,804,820,-16,"UA",344,"N492UA","EWR","ATL",103,746,6,0,2023-08-02 06:00:00,"47693"
"159",2023,3,21,2037,2027,10,2250,2253,-3,"UA",892,"N893UA","EWR","MSY",162,1167,20,27,2023-03-21 20:00:00,"17944"
"160",2023,11,7,1416,1421,-5,1651,1656,-5,"UA",942,"N822UA","LGA","DEN",252,1620,14,21,2023-11-07 14:00:00,"68651"
"161",2023,4,12,1149,1159,-10,1338,1423,-45,"UA",355,"N37434","EWR","DEN",208,1605,11,59,2023-04-12 11:00:00,"22893"
"162",2023,5,10,1011,1015,-4,1316,1308,8,"UA",377,"N12020","EWR","LAX",303,2454,10,15,2023-05-10 10:00:00,"29262"
"163",2023,11,7,1238,1247,-9,1512,1550,-38,"UA",834,"N69829","EWR","TPA",134,997,12,47,2023-11-07 12:00:00,"68634"
"164",2023,7,18,1948,1805,103,2234,2056,98,"UA",339,"N13750","EWR","JAC",260,1874,18,5,2023-07-18 18:00:00,"44530"
"165",2023,10,5,1351,1305,46,1601,1541,20,"UA",109,"N33292","EWR","LAS",280,2227,13,5,2023-10-05 13:00:00,"61425"
"166",2023,5,20,620,623,-3,750,758,-8,"UA",923,"N27733","EWR","RDU",66,416,6,23,2023-05-20 06:00:00,"31463"
"167",2023,9,14,1935,1930,5,2038,2050,-12,"UA",910,"N894UA","EWR","IAD",46,212,19,30,2023-09-14 19:00:00,"56934"
"168",2023,5,13,1943,1825,78,2147,2056,51,"UA",439,"N17133","EWR","DEN",216,1605,18,25,2023-05-13 18:00:00,"30059"
"169",2023,10,12,2059,2057,2,7,3,4,"UA",538,"N16703","EWR","AUS",207,1504,20,57,2023-10-12 20:00:00,"63086"
"170",2023,4,10,1511,1459,12,1611,1620,-9,"UA",674,"N428UA","EWR","IAD",41,212,14,59,2023-04-10 14:00:00,"22460"
"171",2023,1,13,726,731,-5,1028,1105,-37,"UA",513,"N17128","EWR","PHX",279,2133,7,31,2023-01-13 07:00:00,"2615"
"172",2023,7,7,2033,2030,3,2234,2247,-13,"UA",723,"N27255","EWR","MSY",157,1167,20,30,2023-07-07 20:00:00,"42134"
"173",2023,11,15,1754,1755,-1,2209,2104,65,"UA",657,"N29129","EWR","SAN",355,2425,17,55,2023-11-15 17:00:00,"70353"
"174",2023,5,13,2114,2122,-8,2226,2258,-32,"UA",902,"N27252","EWR","BNA",103,748,21,22,2023-05-13 21:00:00,"30077"
"175",2023,6,4,556,600,-4,811,837,-26,"UA",184,"N17289","EWR","IAH",174,1400,6,0,2023-06-04 06:00:00,"34730"
"176",2023,1,9,1113,1119,-6,1355,1421,-26,"UA",284,"N14102","EWR","PBI",139,1023,11,19,2023-01-09 11:00:00,"1776"
"177",2023,1,10,2146,2158,-12,2249,2312,-23,"UA",1012,"N846UA","EWR","SYR",38,195,21,58,2023-01-10 21:00:00,"2139"
"178",2023,9,18,1041,1015,26,1322,1313,9,"UA",711,"N37278","EWR","IAH",190,1400,10,15,2023-09-18 10:00:00,"57670"
"179",2023,1,10,1511,1515,-4,1756,1832,-36,"UA",747,"N27258","EWR","RSW",144,1068,15,15,2023-01-10 15:00:00,"2046"
"180",2023,12,11,1017,1020,-3,1313,1325,-12,"UA",682,"N17316","EWR","IAH",210,1400,10,20,2023-12-11 10:00:00,"75550"
"181",2023,2,1,1316,1322,-6,1439,1455,-16,"UA",109,"N69833","EWR","ORD",122,719,13,22,2023-02-01 13:00:00,"6888"
"182",2023,9,9,NA,1745,NA,NA,1951,NA,"UA",425,NA,"EWR","CLT",NA,529,17,45,2023-09-09 17:00:00,"55870"
"183",2023,6,2,1500,1457,3,1806,1804,2,"UA",717,"N462UA","EWR","MIA",164,1085,14,57,2023-06-02 14:00:00,"34447"
"184",2023,9,16,1416,1422,-6,1551,1621,-30,"UA",632,"N432UA","EWR","MSP",136,1008,14,22,2023-09-16 14:00:00,"57287"
"185",2023,4,7,1854,1854,0,2144,2150,-6,"UA",590,"N57286","EWR","MCO",133,937,18,54,2023-04-07 18:00:00,"21856"
"186",2023,4,4,825,836,-11,1124,1151,-27,"UA",564,"N16709","EWR","SAT",212,1569,8,36,2023-04-04 08:00:00,"21016"
"187",2023,5,6,1615,1615,0,1907,1906,1,"UA",580,"N17105","EWR","MCO",121,937,16,15,2023-05-06 16:00:00,"28419"
"188",2023,4,13,2139,2103,36,2359,2354,5,"UA",356,"N47293","EWR","DFW",174,1372,21,3,2023-04-13 21:00:00,"23242"
"189",2023,10,26,659,700,-1,923,921,2,"UA",149,"N848UA","LGA","DEN",240,1620,7,0,2023-10-26 07:00:00,"66008"
"190",2023,1,16,1012,1000,12,1117,1124,-7,"UA",778,"N489UA","EWR","IAD",44,212,10,0,2023-01-16 10:00:00,"3293"
"191",2023,1,31,956,1003,-7,1328,1309,19,"UA",961,"N17262","EWR","DFW",227,1372,10,3,2023-01-31 10:00:00,"6618"
"192",2023,1,10,957,1005,-8,1302,1309,-7,"UA",471,"N846UA","EWR","SRQ",154,1034,10,5,2023-01-10 10:00:00,"1992"
"193",2023,1,3,2158,2100,58,2300,2223,37,"UA",476,"N482UA","EWR","DCA",44,199,21,0,2023-01-03 21:00:00,"634"
"194",2023,9,14,2021,2027,-6,2245,2254,-9,"UA",242,"N61886","EWR","ATL",109,746,20,27,2023-09-14 20:00:00,"56942"
"195",2023,4,21,1200,1205,-5,1413,1435,-22,"UA",853,"N803UA","LGA","DEN",225,1620,12,5,2023-04-21 12:00:00,"24957"
"196",2023,12,31,711,720,-9,951,1001,-10,"UA",228,"N457UA","LGA","DEN",216,1620,7,20,2023-12-31 07:00:00,"79478"
"197",2023,4,26,2054,2102,-8,2327,2335,-8,"UA",268,"N34455","EWR","ATL",114,746,21,2,2023-04-26 21:00:00,"26198"
"198",2023,12,20,1936,1941,-5,2052,2103,-11,"UA",874,"N77518","EWR","IAD",48,212,19,41,2023-12-20 19:00:00,"77535"
"199",2023,1,13,1006,1000,6,1319,1323,-4,"UA",811,"N2140U","EWR","SFO",310,2565,10,0,2023-01-13 10:00:00,"2659"
"200",2023,1,7,2203,2159,4,21,37,-16,"UA",72,"N812UA","EWR","JAX",119,820,21,59,2023-01-07 21:00:00,"1468"
"201",2023,4,23,2231,2235,-4,22,2359,23,"DL",435,"N129DU","JFK","BOS",35,187,22,35,2023-04-23 22:00:00,"18363"
"202",2023,6,18,2021,1929,52,2307,2239,28,"DL",481,"N358NB","LGA","PBI",138,1035,19,29,2023-06-18 19:00:00,"27852"
"203",2023,12,3,1732,1736,-4,2003,2013,-10,"DL",318,"N371DA","LGA","DEN",230,1620,17,36,2023-12-03 17:00:00,"56694"
"204",2023,11,22,1123,1130,-7,1416,1444,-28,"DL",187,"N193DN","JFK","LAX",333,2475,11,30,2023-11-22 11:00:00,"54811"
"205",2023,8,16,1337,1340,-3,1717,1743,-26,"DL",582,"N892DN","JFK","SJU",203,1598,13,40,2023-08-16 13:00:00,"37794"
"206",2023,11,30,802,805,-3,1022,1034,-12,"DL",910,"N967AT","EWR","ATL",114,746,8,5,2023-11-30 08:00:00,"56087"
"207",2023,8,11,2011,1959,12,2253,2254,-1,"DL",367,"N395DZ","LGA","MCO",139,950,19,59,2023-08-11 19:00:00,"37029"
"208",2023,2,3,901,905,-4,1128,1150,-22,"DL",364,"N377DA","JFK","DEN",237,1626,9,5,2023-02-03 09:00:00,"5219"
"209",2023,1,22,811,700,71,1128,1027,61,"DL",1008,"N909DN","JFK","RSW",176,1074,7,0,2023-01-22 07:00:00,"3218"
"210",2023,6,20,1002,959,3,1337,1256,41,"DL",720,"N328DN","JFK","MCO",149,944,9,59,2023-06-20 09:00:00,"28098"
"211",2023,3,15,700,700,0,1006,1016,-10,"DL",399,"N354DN","JFK","MIA",161,1089,7,0,2023-03-15 07:00:00,"11760"
"212",2023,3,17,1738,1700,38,2009,1923,46,"DL",951,"N3772H","EWR","ATL",120,746,17,0,2023-03-17 17:00:00,"12202"
"213",2023,8,27,801,805,-4,1108,1100,8,"DL",149,"N826MH","JFK","LAX",311,2475,8,5,2023-08-27 08:00:00,"39590"
"214",2023,10,31,1331,1259,32,1558,1536,22,"DL",254,"N373DX","LGA","ATL",126,762,12,59,2023-10-31 12:00:00,"50938"
"215",2023,4,23,640,600,40,854,819,35,"DL",751,"N930AT","EWR","ATL",111,746,6,0,2023-04-23 06:00:00,"18206"
"216",2023,9,30,1949,1950,-1,2235,2303,-28,"DL",890,"N819DN","JFK","TPA",136,1005,19,50,2023-09-30 19:00:00,"45565"
"217",2023,10,6,957,959,-2,1252,1256,-4,"DL",235,"N1200K","JFK","LAX",320,2475,9,59,2023-10-06 09:00:00,"46542"
"218",2023,1,29,1125,1130,-5,1420,1440,-20,"DL",608,"N113DX","JFK","FLL",156,1069,11,30,2023-01-29 11:00:00,"4397"
"219",2023,12,9,1559,1555,4,1819,1842,-23,"DL",244,"N809DN","JFK","DEN",230,1626,15,55,2023-12-09 15:00:00,"57758"
"220",2023,5,5,1125,1125,0,1419,1445,-26,"DL",884,"N367DN","LGA","FLL",144,1076,11,25,2023-05-05 11:00:00,"20289"
"221",2023,12,12,910,915,-5,1223,1248,-25,"DL",104,"N824DN","JFK","SLC",285,1990,9,15,2023-12-12 09:00:00,"58215"
"222",2023,5,27,1035,1046,-11,1230,1310,-40,"DL",849,"N329NB","LGA","MSY",153,1183,10,46,2023-05-27 10:00:00,"24054"
"223",2023,5,21,1833,1829,4,2113,2107,6,"DL",176,"N383DZ","LGA","ATL",105,762,18,29,2023-05-21 18:00:00,"23072"
"224",2023,11,12,829,830,-1,1117,1200,-43,"DL",340,"N521DT","JFK","SAN",306,2446,8,30,2023-11-12 08:00:00,"52992"
"225",2023,2,15,1927,1929,-2,2202,2208,-6,"DL",275,"N135DQ","LGA","MCI",190,1107,19,29,2023-02-15 19:00:00,"7235"
"226",2023,7,7,1812,1729,43,2107,2025,42,"DL",230,"N868DN","JFK","LAS",291,2248,17,29,2023-07-07 17:00:00,"30977"
"227",2023,6,5,1658,1705,-7,1844,1859,-15,"DL",1009,"N946AT","EWR","DTW",82,488,17,5,2023-06-05 17:00:00,"25633"
"228",2023,8,15,1033,1040,-7,1221,1252,-31,"DL",413,"N353DN","LGA","MSP",142,1020,10,40,2023-08-15 10:00:00,"37590"
"229",2023,5,31,2206,2200,6,2322,2327,-5,"DL",632,"N103DU","JFK","BOS",43,187,22,0,2023-05-31 22:00:00,"24837"
"230",2023,2,4,1913,1905,8,2156,2218,-22,"DL",582,"N371NW","JFK","TPA",147,1005,19,5,2023-02-04 19:00:00,"5462"
"231",2023,10,4,736,740,-4,932,955,-23,"DL",515,"N314NB","JFK","MSP",143,1029,7,40,2023-10-04 07:00:00,"46155"
"232",2023,1,18,1917,1929,-12,2145,2200,-15,"DL",698,"N358NW","LGA","MSY",174,1183,19,29,2023-01-18 19:00:00,"2690"
"233",2023,3,8,1729,1730,-1,2005,2040,-35,"DL",107,"N896DN","JFK","LAS",318,2248,17,30,2023-03-08 17:00:00,"10713"
"234",2023,8,24,NA,1455,NA,NA,1710,NA,"DL",498,"N321NB","LGA","DTW",NA,502,14,55,2023-08-24 14:00:00,"39235"
"235",2023,12,5,931,836,55,1239,1157,42,"DL",235,"N108DQ","JFK","DFW",209,1391,8,36,2023-12-05 08:00:00,"56982"
"236",2023,7,27,731,735,-4,1023,1042,-19,"DL",810,"N392DA","JFK","MIA",146,1089,7,35,2023-07-27 07:00:00,"34321"
"237",2023,12,27,1219,1227,-8,1501,1501,0,"DL",115,"N3738B","JFK","ATL",128,760,12,27,2023-12-27 12:00:00,"60838"
"238",2023,4,18,NA,700,NA,NA,1006,NA,"DL",534,"N860DN","JFK","TPA",NA,1005,7,0,2023-04-18 07:00:00,"17551"
"239",2023,8,1,2016,2022,-6,2157,2220,-23,"DL",802,"N953AT","EWR","DTW",78,488,20,22,2023-08-01 20:00:00,"35309"
"240",2023,5,8,1657,1700,-3,1951,2000,-9,"DL",344,"N117DU","JFK","DFW",198,1391,17,0,2023-05-08 17:00:00,"20818"
"241",2023,6,11,721,720,1,944,1000,-16,"DL",194,"N526DE","JFK","LAS",291,2248,7,20,2023-06-11 07:00:00,"26542"
"242",2023,12,16,1111,1110,1,1412,1505,-53,"DL",295,"N722TW","JFK","SFO",331,2586,11,10,2023-12-16 11:00:00,"58966"
"243",2023,1,12,604,600,4,930,915,15,"DL",333,"N127DU","LGA","DFW",229,1389,6,0,2023-01-12 06:00:00,"1592"
"244",2023,11,22,1631,1638,-7,1901,1913,-12,"DL",755,"N342NB","JFK","MSY",163,1182,16,38,2023-11-22 16:00:00,"54864"
"245",2023,12,20,844,832,12,1145,1150,-5,"DL",542,"N395DN","LGA","RSW",149,1080,8,32,2023-12-20 08:00:00,"59649"
"246",2023,6,14,1629,1559,30,1944,1947,-3,"DL",291,"N722TW","JFK","SFO",331,2586,15,59,2023-06-14 15:00:00,"27151"
"247",2023,3,12,1708,1529,99,2100,1844,136,"DL",500,"N301NB","LGA","RSW",180,1080,15,29,2023-03-12 15:00:00,"11345"
"248",2023,10,28,2204,2130,34,106,24,42,"DL",137,"N508DA","JFK","LAS",328,2248,21,30,2023-10-28 21:00:00,"50488"
"249",2023,3,23,1049,1055,-6,1317,1350,-33,"DL",976,"N378DN","JFK","MCO",128,944,10,55,2023-03-23 10:00:00,"13124"
"250",2023,8,2,703,705,-2,946,1019,-33,"DL",469,"N349DX","LGA","FLL",130,1076,7,5,2023-08-02 07:00:00,"35339"
"251",2023,11,21,1945,1935,10,2255,2323,-28,"DL",346,"N842MH","JFK","SFO",323,2586,19,35,2023-11-21 19:00:00,"54715"
"252",2023,1,25,1006,1000,6,1257,1325,-28,"DL",421,"N176DN","JFK","LAX",323,2475,10,0,2023-01-25 10:00:00,"3743"
"253",2023,10,7,1659,1700,-1,1945,1957,-12,"DL",409,"N362DN","LGA","MCO",135,950,17,0,2023-10-07 17:00:00,"46782"
"254",2023,8,5,1356,1359,-3,1615,1639,-24,"DL",148,"N119DN","LGA","ATL",108,762,13,59,2023-08-05 13:00:00,"35933"
"255",2023,9,30,1849,1855,-6,2140,2208,-28,"DL",442,"N312DU","EWR","SLC",261,1969,18,55,2023-09-30 18:00:00,"45555"
"256",2023,7,23,1502,1440,22,1849,1743,66,"DL",398,"N119DN","LGA","MCO",156,950,14,40,2023-07-23 14:00:00,"33681"
"257",2023,10,4,2017,2010,7,2156,2220,-24,"DL",564,"N390DN","LGA","DTW",75,502,20,10,2023-10-04 20:00:00,"46290"
"258",2023,3,17,559,600,-1,815,840,-25,"DL",763,"N718TW","JFK","ATL",110,760,6,0,2023-03-17 06:00:00,"12088"
"259",2023,6,16,909,840,29,1132,1159,-27,"DL",121,"N816DN","JFK","PDX",301,2454,8,40,2023-06-16 08:00:00,"27433"
"260",2023,7,23,802,805,-3,952,1014,-22,"DL",467,"N315NB","JFK","MSP",140,1029,8,5,2023-07-23 08:00:00,"33620"
"261",2023,2,6,1538,1450,48,1810,1731,39,"DL",354,"N339DN","LGA","ATL",104,762,14,50,2023-02-06 14:00:00,"5735"
"262",2023,8,11,555,605,-10,829,817,12,"DL",667,"N341NB","EWR","ATL",114,746,6,5,2023-08-11 06:00:00,"36867"
"263",2023,6,3,1015,1020,-5,1327,1332,-5,"DL",373,"N118DU","LGA","SRQ",143,1047,10,20,2023-06-03 10:00:00,"25248"
"264",2023,8,5,1655,1553,62,1946,1920,26,"DL",260,"N3744F","LGA","MIA",149,1096,15,53,2023-08-05 15:00:00,"35960"
"265",2023,8,4,2101,1759,182,47,2114,213,"DL",293,"N175DN","JFK","LAX",341,2475,17,59,2023-08-04 17:00:00,"35839"
"266",2023,2,26,2000,2000,0,2222,2245,-23,"DL",352,"N360NW","LGA","ATL",109,762,20,0,2023-02-26 20:00:00,"9059"
"267",2023,7,16,1513,1359,74,1733,1632,61,"DL",568,"N3756","LGA","DEN",229,1620,13,59,2023-07-16 13:00:00,"32466"
"268",2023,4,10,757,800,-3,1052,1120,-28,"DL",182,"N825MH","JFK","LAX",301,2475,8,0,2023-04-10 08:00:00,"16073"
"269",2023,12,2,1953,1959,-6,2310,2329,-19,"DL",710,"N380DN","JFK","FLL",148,1069,19,59,2023-12-02 19:00:00,"56557"
"270",2023,6,6,1657,1700,-3,2003,1944,19,"DL",357,"N309DN","LGA","ATL",143,762,17,0,2023-06-06 17:00:00,"25805"
"271",2023,7,12,1849,1840,9,2207,2153,14,"DL",385,"N119DN","EWR","SLC",272,1969,18,40,2023-07-12 18:00:00,"31837"
"272",2023,9,2,1119,1112,7,1412,1428,-16,"DL",912,"N321DH","LGA","FLL",137,1076,11,12,2023-09-02 11:00:00,"40662"
"273",2023,7,18,1730,1730,0,2146,2140,6,"DL",262,"N722TW","JFK","SFO",354,2586,17,30,2023-07-18 17:00:00,"32848"
"274",2023,5,16,2155,2200,-5,2258,2327,-29,"DL",632,"N101DU","JFK","BOS",43,187,22,0,2023-05-16 22:00:00,"22259"
"275",2023,7,15,1918,1759,79,2243,2114,89,"DL",715,"N369NW","JFK","AUS",208,1521,17,59,2023-07-15 17:00:00,"32352"
"276",2023,3,17,1347,1257,50,1534,1505,29,"DL",780,"N322NB","LGA","DTW",83,502,12,57,2023-03-17 12:00:00,"12164"
"277",2023,12,11,837,840,-3,1142,1226,-44,"DL",114,"N517DN","JFK","SAN",332,2446,8,40,2023-12-11 08:00:00,"58026"
"278",2023,6,7,1121,730,231,1306,910,236,"DL",434,"N358NB","LGA","ORD",110,733,7,30,2023-06-07 07:00:00,"25924"
"279",2023,1,13,1940,1830,70,42,2332,70,"DL",778,"N823DN","JFK","SJU",214,1598,18,30,2023-01-13 18:00:00,"1902"
"280",2023,6,29,1017,959,18,1238,1256,-18,"DL",720,"N378DN","JFK","MCO",120,944,9,59,2023-06-29 09:00:00,"29622"
"281",2023,2,2,1108,1110,-2,1433,1440,-7,"DL",148,"N854DN","JFK","SLC",305,1990,11,10,2023-02-02 11:00:00,"5062"
"282",2023,7,12,1606,1605,1,1754,1839,-45,"DL",643,"N342NB","JFK","MSY",153,1182,16,5,2023-07-12 16:00:00,"31813"
"283",2023,1,14,1744,1730,14,2039,2000,39,"DL",543,"N966AT","EWR","ATL",96,746,17,30,2023-01-14 17:00:00,"2032"
"284",2023,5,11,1531,1530,1,1800,1840,-40,"DL",434,"N111DC","JFK","MCO",125,944,15,30,2023-05-11 15:00:00,"21337"
"285",2023,6,2,2205,2005,120,2345,2206,99,"DL",840,"N357NB","LGA","DTW",77,502,20,5,2023-06-02 20:00:00,"25191"
"286",2023,10,12,727,730,-3,920,913,7,"DL",646,"N142DU","LGA","ORD",128,733,7,30,2023-10-12 07:00:00,"47565"
"287",2023,2,16,911,915,-4,1129,1158,-29,"DL",591,"N120DU","JFK","MSY",171,1182,9,15,2023-02-16 09:00:00,"7309"
"288",2023,9,7,2011,2000,11,121,2331,110,"DL",199,"N912DU","JFK","PDX",332,2454,20,0,2023-09-07 20:00:00,"41554"
"289",2023,3,20,1455,1500,-5,1641,1715,-34,"DL",591,"N366NB","LGA","MSP",145,1020,15,0,2023-03-20 15:00:00,"12645"
"290",2023,10,5,729,729,0,955,1031,-36,"DL",754,"N3752","JFK","PBI",125,1028,7,29,2023-10-05 07:00:00,"46333"
"291",2023,4,3,1844,1815,29,2047,2024,23,"DL",504,"N923AT","EWR","MSP",157,1008,18,15,2023-04-03 18:00:00,"14997"
"292",2023,5,1,1450,1457,-7,1643,1723,-40,"DL",426,"N361NB","JFK","MSP",139,1029,14,57,2023-05-01 14:00:00,"19622"
"293",2023,12,31,837,840,-3,1058,1138,-40,"DL",174,"N520DE","JFK","DEN",221,1626,8,40,2023-12-31 08:00:00,"61457"
"294",2023,9,21,1808,1810,-2,2015,2021,-6,"DL",383,"N371DN","LGA","MSP",142,1020,18,10,2023-09-21 18:00:00,"43966"
"295",2023,5,11,1550,1551,-1,1746,1836,-50,"DL",426,"N390DA","JFK","ATL",100,760,15,51,2023-05-11 15:00:00,"21342"
"296",2023,9,1,725,730,-5,941,1005,-24,"DL",184,"N506DA","JFK","LAS",282,2248,7,30,2023-09-01 07:00:00,"40449"
"297",2023,10,4,722,730,-8,920,955,-35,"DL",173,"N387DA","LGA","DEN",216,1620,7,30,2023-10-04 07:00:00,"46149"
"298",2023,10,8,721,715,6,902,922,-20,"DL",539,"N327DN","LGA","MSP",139,1020,7,15,2023-10-08 07:00:00,"46844"
"299",2023,12,18,1159,1200,-1,1501,1456,5,"DL",601,"N322DN","JFK","MCO",140,944,12,0,2023-12-18 12:00:00,"59319"
"300",2023,5,17,1408,1409,-1,1612,1629,-17,"DL",794,"N385DN","EWR","ATL",102,746,14,9,2023-05-17 14:00:00,"22355"
"301",2023,12,22,814,813,1,1043,1135,-52,"DL",175,"N502DX","JFK","LAS",303,2248,8,13,2023-12-22 08:00:00,"60009"
"302",2023,3,16,1252,1300,-8,1412,1453,-41,"DL",477,"N135DQ","LGA","ORD",121,733,13,0,2023-03-16 13:00:00,"11991"
"303",2023,5,29,1902,1912,-10,2154,2222,-28,"DL",428,"N337NB","LGA","PBI",144,1035,19,12,2023-05-29 19:00:00,"24452"
"304",2023,9,21,2010,2010,0,2206,2220,-14,"DL",598,"N319DN","LGA","DTW",73,502,20,10,2023-09-21 20:00:00,"43991"
"305",2023,6,26,1146,1135,11,1449,1446,3,"DL",865,"N327NB","LGA","PBI",141,1035,11,35,2023-06-26 11:00:00,"29117"
"306",2023,3,30,1142,1145,-3,1436,1504,-28,"DL",654,"N105DU","LGA","IAH",201,1416,11,45,2023-03-30 11:00:00,"14300"
"307",2023,9,11,1106,1059,7,1357,1413,-16,"DL",173,"N532DN","JFK","SEA",309,2422,10,59,2023-09-11 10:00:00,"42140"
"308",2023,3,3,1556,1600,-4,NA,1820,NA,"DL",325,"N344NB","JFK","DTW",NA,509,16,0,2023-03-03 16:00:00,"9880"
"309",2023,7,16,1129,1000,89,1720,1255,265,"DL",572,"N359DN","JFK","MCO",172,944,10,0,2023-07-16 10:00:00,"32439"
"310",2023,9,15,2038,2000,38,2305,2232,33,"DL",302,"N301DV","LGA","ATL",102,762,20,0,2023-09-15 20:00:00,"42954"
"311",2023,5,6,2342,1955,227,216,2325,171,"DL",615,"N115DN","JFK","FLL",134,1069,19,55,2023-05-06 19:00:00,"20523"
"312",2023,11,28,1329,1329,0,1529,1557,-28,"DL",251,"N3743H","LGA","DEN",220,1620,13,29,2023-11-28 13:00:00,"55780"
"313",2023,5,29,2139,2000,99,2242,2114,88,"DL",939,"N103DU","LGA","BOS",46,184,20,0,2023-05-29 20:00:00,"24482"
"314",2023,5,16,1957,1959,-2,2234,2325,-51,"DL",149,"N887DN","JFK","PDX",321,2454,19,59,2023-05-16 19:00:00,"22244"
"315",2023,6,27,1725,1700,25,2133,2010,83,"DL",100,"N845MH","JFK","LAX",338,2475,17,0,2023-06-27 17:00:00,"29324"
"316",2023,7,20,858,845,13,1025,1027,-2,"DL",312,"N135DQ","LGA","ORD",113,733,8,45,2023-07-20 08:00:00,"33134"
"317",2023,2,19,656,700,-4,1021,1046,-25,"DL",273,"N174DN","JFK","SFO",362,2586,7,0,2023-02-19 07:00:00,"7762"
"318",2023,10,24,1945,1920,25,2314,2235,39,"DL",133,"N177DN","JFK","LAX",332,2475,19,20,2023-10-24 19:00:00,"49783"
"319",2023,10,5,2000,2000,0,2228,2248,-20,"DL",89,"N877DN","JFK","DEN",222,1626,20,0,2023-10-05 20:00:00,"46465"
"320",2023,1,13,2224,2155,29,2336,2310,26,"DL",817,"N829DN","JFK","BOS",36,187,21,55,2023-01-13 21:00:00,"1925"
"321",2023,7,28,734,730,4,1002,911,51,"DL",347,"N131DU","LGA","ORD",139,733,7,30,2023-07-28 07:00:00,"34498"
"322",2023,6,16,2023,1851,92,2236,2122,74,"DL",855,"N395DN","EWR","ATL",100,746,18,51,2023-06-16 18:00:00,"27530"
"323",2023,8,13,1523,1505,18,1830,1821,9,"DL",300,"N314NB","LGA","PBI",155,1035,15,5,2023-08-13 15:00:00,"37279"
"324",2023,6,4,2014,1955,19,2313,2307,6,"DL",560,"N301DV","JFK","MCO",126,944,19,55,2023-06-04 19:00:00,"25501"
"325",2023,1,27,1848,1855,-7,2017,2046,-29,"DL",341,"N113DQ","LGA","BNA",128,764,18,55,2023-01-27 18:00:00,"4171"
"326",2023,2,10,1155,1200,-5,1439,1523,-44,"DL",221,"N174DN","JFK","LAX",323,2475,12,0,2023-02-10 12:00:00,"6378"
"327",2023,6,8,1230,1200,30,1515,1450,25,"DL",198,"N406DX","JFK","LAX",311,2475,12,0,2023-06-08 12:00:00,"26109"
"328",2023,9,2,1529,1535,-6,1816,1855,-39,"DL",605,"N396DA","JFK","PBI",133,1028,15,35,2023-09-02 15:00:00,"40695"
"329",2023,1,12,1957,1855,62,2350,2249,61,"DL",120,"N694DL","JFK","PHX",291,2153,18,55,2023-01-12 18:00:00,"1730"
"330",2023,12,2,1018,1020,-2,1358,1340,18,"DL",550,"N131DU","JFK","SAT",256,1587,10,20,2023-12-02 10:00:00,"56467"
"331",2023,4,3,NA,600,NA,NA,755,NA,"DL",699,"N942AT","EWR","DTW",NA,488,6,0,2023-04-03 06:00:00,"15046"
"332",2023,6,29,735,735,0,1033,1047,-14,"DL",704,"N333DX","JFK","FLL",144,1069,7,35,2023-06-29 07:00:00,"29601"
"333",2023,8,15,2218,1929,169,158,2247,191,"DL",706,"N3732J","JFK","TPA",139,1005,19,29,2023-08-15 19:00:00,"37698"
"334",2023,7,9,1240,1240,0,NA,1436,NA,"DL",640,"N929AT","EWR","MSP",NA,1008,12,40,2023-07-09 12:00:00,"31251"
"335",2023,11,21,610,615,-5,801,813,-12,"DL",964,"N993AT","EWR","MSP",135,1008,6,15,2023-11-21 06:00:00,"54567"
"336",2023,6,13,553,600,-7,729,746,-17,"DL",803,"N981AT","EWR","DTW",76,488,6,0,2023-06-13 06:00:00,"26870"
"337",2023,10,30,608,608,0,811,754,17,"DL",743,"N920AT","EWR","DTW",88,488,6,8,2023-10-30 06:00:00,"50674"
"338",2023,11,13,939,945,-6,1215,1236,-21,"DL",887,"N864DN","JFK","MCO",134,944,9,45,2023-11-13 09:00:00,"53183"
"339",2023,9,1,1111,1119,-8,1409,1423,-14,"DL",373,"N349NB","LGA","TPA",140,1010,11,19,2023-09-01 11:00:00,"40487"
"340",2023,9,15,1720,1700,20,1939,1935,4,"DL",427,"N350DN","LGA","ATL",107,762,17,0,2023-09-15 17:00:00,"42910"
"341",2023,2,16,1157,1203,-6,1452,1457,-5,"DL",456,"N328NW","JFK","PBI",152,1028,12,3,2023-02-16 12:00:00,"7333"
"342",2023,9,26,851,659,112,1219,1013,126,"DL",345,"N302DU","LGA","PBI",165,1035,6,59,2023-09-26 06:00:00,"44753"
"343",2023,12,21,807,800,7,1015,1030,-15,"DL",533,"N314NB","JFK","MSP",156,1029,8,0,2023-12-21 08:00:00,"59823"
"344",2023,11,7,1110,1105,5,1401,1426,-25,"DL",577,"N3757D","LGA","MIA",147,1096,11,5,2023-11-07 11:00:00,"52140"
"345",2023,3,20,1251,1257,-6,1429,1505,-36,"DL",780,"N327NB","LGA","DTW",80,502,12,57,2023-03-20 12:00:00,"12632"
"346",2023,1,27,1147,1200,-13,1407,1422,-15,"DL",1020,"N923AT","EWR","ATL",123,746,12,0,2023-01-27 12:00:00,"4107"
"347",2023,8,10,2202,2100,62,2309,2220,49,"DL",341,"N141DU","LGA","BOS",39,184,21,0,2023-08-10 21:00:00,"36861"
"348",2023,4,26,1456,1502,-6,1732,1810,-38,"DL",514,"N328NB","LGA","TPA",141,1010,15,2,2023-04-26 15:00:00,"18805"
"349",2023,11,24,657,700,-3,921,939,-18,"DL",182,"N395DZ","LGA","ATL",114,762,7,0,2023-11-24 07:00:00,"55035"
"350",2023,12,7,612,600,12,859,921,-22,"DL",253,"N305DU","LGA","DFW",192,1389,6,0,2023-12-07 06:00:00,"57298"
"351",2023,5,21,1544,1551,-7,1756,1834,-38,"DL",426,"N321DH","JFK","ATL",107,760,15,51,2023-05-21 15:00:00,"23044"
"352",2023,3,14,1258,1109,109,1654,1424,150,"DL",919,"N389DN","LGA","FLL",153,1076,11,9,2023-03-14 11:00:00,"11653"
"353",2023,11,1,718,715,3,911,927,-16,"DL",549,"N378DN","LGA","MSP",144,1020,7,15,2023-11-01 07:00:00,"51043"
"354",2023,9,21,1542,1545,-3,1832,1854,-22,"DL",605,"N3759","JFK","PBI",147,1028,15,45,2023-09-21 15:00:00,"43939"
"355",2023,11,11,723,730,-7,1029,1025,4,"DL",457,"N388DN","JFK","MCO",142,944,7,30,2023-11-11 07:00:00,"52830"
"356",2023,8,9,1118,1112,6,1352,1428,-36,"DL",723,"N107DN","LGA","FLL",141,1076,11,12,2023-08-09 11:00:00,"36582"
"357",2023,4,4,708,705,3,944,1002,-18,"DL",396,"N395DZ","LGA","MCO",128,950,7,5,2023-04-04 07:00:00,"15073"
"358",2023,4,3,1953,2000,-7,2206,2211,-5,"DL",726,"N347NB","LGA","DTW",89,502,20,0,2023-04-03 20:00:00,"15010"
"359",2023,10,18,1913,1920,-7,2057,2129,-32,"DL",564,"N105DX","LGA","DTW",75,502,19,20,2023-10-18 19:00:00,"48729"
"360",2023,3,28,1919,1900,19,2143,2150,-7,"DL",448,"N3766","JFK","ATL",126,760,19,0,2023-03-28 19:00:00,"14025"
"361",2023,3,14,1056,1024,32,1415,1254,81,"DL",819,"N3771K","EWR","ATL",108,746,10,24,2023-03-14 10:00:00,"11631"
"362",2023,11,1,1326,1315,11,1613,1618,-5,"DL",133,"N124DU","LGA","DFW",198,1389,13,15,2023-11-01 13:00:00,"51107"
"363",2023,11,12,1318,1310,8,1455,1456,-1,"DL",999,"N891AT","EWR","DTW",78,488,13,10,2023-11-12 13:00:00,"53037"
"364",2023,6,15,655,700,-5,948,1000,-12,"DL",201,"N199DN","JFK","LAX",304,2475,7,0,2023-06-15 07:00:00,"27223"
"365",2023,4,25,552,600,-8,744,755,-11,"DL",346,"N118DY","LGA","DTW",79,502,6,0,2023-04-25 06:00:00,"18543"
"366",2023,9,18,1553,1600,-7,1754,1728,26,"DL",525,"N108DQ","LGA","BOS",39,184,16,0,2023-09-18 16:00:00,"43403"
"367",2023,8,1,2158,2200,-2,2312,2343,-31,"DL",689,"N338NB","JFK","BUF",49,301,22,0,2023-08-01 22:00:00,"35316"
"368",2023,4,7,705,705,0,1049,1024,25,"DL",496,"N386DN","LGA","MIA",159,1096,7,5,2023-04-07 07:00:00,"15581"
"369",2023,7,31,1559,1549,10,1911,1920,-9,"DL",679,"N396DA","JFK","MIA",167,1089,15,49,2023-07-31 15:00:00,"35083"
"370",2023,10,10,2028,2030,-2,2251,2318,-27,"DL",808,"N142DU","JFK","JAX",124,828,20,30,2023-10-10 20:00:00,"47351"
"371",2023,3,8,1618,1620,-2,1944,1957,-13,"DL",216,"N881DN","JFK","SLC",305,1990,16,20,2023-03-08 16:00:00,"10699"
"372",2023,1,10,1955,1959,-4,2247,2307,-20,"DL",485,"N124DX","LGA","MCO",129,950,19,59,2023-01-10 19:00:00,"1400"
"373",2023,1,22,2038,2019,19,2238,2220,18,"DL",1090,"N971AT","EWR","DTW",87,488,20,19,2023-01-22 20:00:00,"3342"
"374",2023,2,12,2032,1955,37,2249,2249,0,"DL",102,"N912DU","JFK","DEN",221,1626,19,55,2023-02-12 19:00:00,"6742"
"375",2023,10,29,1041,1000,41,1350,1320,30,"DL",390,"N318DU","LGA","RSW",167,1080,10,0,2023-10-29 10:00:00,"50544"
"376",2023,12,25,1935,1940,-5,2159,2223,-24,"DL",801,"N125DU","JFK","JAX",115,828,19,40,2023-12-25 19:00:00,"60584"
"377",2023,6,13,600,600,0,816,829,-13,"DL",849,"N6710E","JFK","ATL",115,760,6,0,2023-06-13 06:00:00,"26874"
"378",2023,4,28,708,659,9,1002,958,4,"DL",607,"N145DQ","LGA","IAH",207,1416,6,59,2023-04-28 06:00:00,"19075"
"379",2023,7,24,1503,1115,228,1705,1325,220,"DL",713,"N357NB","LGA","MSY",156,1183,11,15,2023-07-24 11:00:00,"33861"
"380",2023,10,14,2037,1959,38,2353,2319,34,"DL",579,"N309DN","JFK","FLL",146,1069,19,59,2023-10-14 19:00:00,"48044"
"381",2023,4,23,2126,2100,26,2226,2219,7,"DL",380,"N131DU","LGA","BOS",34,184,21,0,2023-04-23 21:00:00,"18356"
"382",2023,2,3,1934,1843,51,2240,2209,31,"DL",459,"N804DN","EWR","SLC",286,1969,18,43,2023-02-03 18:00:00,"5314"
"383",2023,7,19,1639,1640,-1,1941,2000,-19,"DL",242,"N511DE","JFK","SAN",310,2446,16,40,2023-07-19 16:00:00,"33023"
"384",2023,12,20,1838,1729,69,2118,2047,31,"DL",179,"N307DX","LGA","MIA",141,1096,17,29,2023-12-20 17:00:00,"59748"
"385",2023,5,31,1700,1655,5,1914,1935,-21,"DL",340,"N360DN","LGA","ATL",107,762,16,55,2023-05-31 16:00:00,"24787"
"386",2023,10,9,1221,1059,82,1430,1342,48,"DL",267,"N336DX","LGA","ATL",114,762,10,59,2023-10-09 10:00:00,"47078"
"387",2023,11,6,857,800,57,1048,1008,40,"DL",496,"N118DY","LGA","DTW",83,502,8,0,2023-11-06 08:00:00,"51936"
"388",2023,7,2,1402,1359,3,1611,1636,-25,"DL",160,"N364DX","LGA","ATL",107,762,13,59,2023-07-02 13:00:00,"30153"
"389",2023,1,21,1901,1905,-4,2151,2218,-27,"DL",667,"N340NW","JFK","TPA",153,1005,19,5,2023-01-21 19:00:00,"3174"
"390",2023,10,21,1454,1459,-5,1739,1725,14,"DL",226,"N894DN","JFK","DEN",235,1626,14,59,2023-10-21 14:00:00,"49212"
"391",2023,10,1,728,730,-2,944,957,-13,"DL",297,"N342DN","LGA","ATL",102,762,7,30,2023-10-01 07:00:00,"45612"
"392",2023,7,27,2009,1929,40,2307,2247,20,"DL",724,"N3751B","JFK","TPA",140,1005,19,29,2023-07-27 19:00:00,"34448"
"393",2023,10,4,756,755,1,952,1014,-22,"DL",899,"N343NB","JFK","MSY",149,1182,7,55,2023-10-04 07:00:00,"46157"
"394",2023,3,9,1944,1900,44,2204,2150,14,"DL",448,"N847DN","JFK","ATL",109,760,19,0,2023-03-09 19:00:00,"10904"
"395",2023,11,9,2021,2029,-8,2246,2315,-29,"DL",819,"N111NG","JFK","JAX",118,828,20,29,2023-11-09 20:00:00,"52606"
"396",2023,10,29,1120,1110,10,1407,1411,-4,"DL",350,"N101DQ","JFK","FLL",146,1069,11,10,2023-10-29 11:00:00,"50553"
"397",2023,4,7,NA,1856,NA,NA,2214,NA,"DL",438,"N847DN","EWR","SLC",NA,1969,18,56,2023-04-07 18:00:00,"15735"
"398",2023,6,17,2125,2100,25,2243,2238,5,"DL",1026,"N139DU","JFK","BOS",35,187,21,0,2023-06-17 21:00:00,"27697"
"399",2023,7,5,1854,1859,-5,2005,2021,-16,"DL",822,"N109DU","LGA","BOS",35,184,18,59,2023-07-05 18:00:00,"30648"
"400",2023,7,4,2033,1859,94,2127,2021,66,"DL",822,"N104DU","LGA","BOS",32,184,18,59,2023-07-04 18:00:00,"30512"
